Point,X,Y,Z,Distance to Sphere
CubeA,15.772424697875977,4.158595085144043,5.03127384185791,7.756221315935783
CubeB,14.962860107421875,10.0,0.0,7.887192446127821
CubeC,3.3755414485931396,1.0,1.0414785146713257,7.113727694306863
CubeD,1.5094268321990967,7.038703918457031,3.06071138381958,7.492711182013354
Sphere,8.771686553955078,5.537247180938721,1.9902291297912598,
