Point,X,Y,Z,Distance to Sphere
CubeA,10.0,1.0,0.0,10.767396232567672
CubeB,1.0,10.0,0.0,10.119580722450515
CubeC,1.0,1.0,0.0,10.152653015595927
Sphere,4.785530090332031,5.537247180938721,-8.255877494812012,
