Point,X,Y,Z,Distance to Sphere
CubeA,10.0,1.0,0.0,12.576032824335607
CubeB,1.0,10.0,0.0,12.026042323551263
CubeC,1.0,1.0,0.0,12.053884984715227
Sphere,4.785530090332031,5.537247180938721,-10.506155014038086,
