Point,X,Y,Z,Distance to Sphere
CubeA,10.0,1.0,0.0,8.433780570691637
CubeB,1.0,10.0,0.0,7.589317959056357
CubeC,1.0,1.0,0.0,7.633360750059722
Sphere,4.785530090332031,5.537247180938721,4.83232307434082,
