Point,X,Y,Z,Distance to Sphere
CubeA,0.0,0.0,0.0,3.1213172535974714
CubeB,-4.110628604888916,2.2200000286102295,-0.009999999776482582,3.805335967378639
CubeC,3.3755414485931396,1.0,-0.03999999910593033,4.8697069382876
Sphere,-0.8734607696533203,2.2402400970458984,1.9902291297912598,
